{"cameraMode":{"drawMode":0,"name":"Shaded","section":"Shading Mode"},"sceneLighting":true,"audioPlay":false,"sceneViewState":{"showFog":true,"showMaterialUpdate":false,"showSkybox":true,"showFlares":true,"showImageEffects":true,"showParticleSystems":true},"in2DMode":false,"pivot":{"x":-11.649049758911133,"y":-52.41813659667969,"z":68.61572265625},"rotation":{"x":-0.2575114369392395,"y":-0.07758984714746475,"z":0.020749293267726899,"w":-0.9629319906234741},"size":113.9823226928711,"orthographic":false}