{"cameraMode":{"drawMode":0,"name":"Shaded","section":"Shading Mode"},"sceneLighting":false,"audioPlay":false,"sceneViewState":{"showFog":true,"showMaterialUpdate":false,"showSkybox":false,"showFlares":true,"showImageEffects":true,"showParticleSystems":true},"in2DMode":false,"pivot":{"x":1.0046024322509766,"y":1.0499999523162842,"z":0.042577505111694339},"rotation":{"x":-0.08474982529878617,"y":-0.1482996642589569,"z":0.01275707222521305,"w":-0.9852225184440613},"size":11.325970649719239,"orthographic":false}