{"cameraMode":{"drawMode":0,"name":"Shaded","section":"Shading Mode"},"sceneLighting":true,"audioPlay":false,"sceneViewState":{"showFog":true,"showMaterialUpdate":false,"showSkybox":true,"showFlares":true,"showImageEffects":true,"showParticleSystems":true},"in2DMode":false,"pivot":{"x":3.780269145965576,"y":-1.0017722845077515,"z":3.4798569679260256},"rotation":{"x":-0.08474982529878617,"y":-0.1482996642589569,"z":0.01275707222521305,"w":-0.9852225184440613},"size":18.872920989990236,"orthographic":false}