{"cameraMode":{"drawMode":0,"name":"Shaded","section":"Shading Mode"},"sceneLighting":false,"audioPlay":false,"sceneViewState":{"showFog":true,"showMaterialUpdate":false,"showSkybox":false,"showFlares":true,"showImageEffects":true,"showParticleSystems":true},"in2DMode":false,"pivot":{"x":0.3055408000946045,"y":-0.8167744278907776,"z":0.06635209918022156},"rotation":{"x":0.1523723155260086,"y":-0.020158451050519944,"z":0.0031087608076632025,"w":0.9881150126457214},"size":7.9782304763793949,"orthographic":false}